profiles.twitter.picture,profiles.facebook.picture,tags,id,profiles.facebook.id,profiles.twitter.id,email
//twcdn.com/ad9e8cd3-3133-423e-8bbf-0602e4048c22.jpg,//fbcdn.com/a2244bc1-b10c-4d91-9ce8-184337c6b898.jpg,"""consectetur,quis""",0,0,0,colleengriffith@quintity.com
//twcdn.com/3057792f-5dfb-4c4b-86b5-cce4d6bbf7ac.jpg,//fbcdn.com/12e070e0-21ea-4663-97d0-46bc9c7b67a4.jpg,"""veniam,elit,mollit""",1,1,1,maryellengriffin@ginkle.com
//twcdn.com/4731911c-bd25-43fa-a152-877cd65f1ecb.jpg,//fbcdn.com/412a957a-6387-44a5-91ac-3cad3cc2d8c1.jpg,"""consectetur,et,irure""",2,2,2,hesterherman@exozent.com
//twcdn.com/56c4683a-78f4-4981-9497-bd8d254d09ff.jpg,//fbcdn.com/557209e7-d617-4483-ac77-013690f58b10.jpg,"""sint,laboris,ad""",3,3,3,romeromarks@exovent.com
//twcdn.com/aa247d25-a088-40f5-94ca-4ab6c90206e2.jpg,//fbcdn.com/1570cb6b-9384-411f-83bc-d933dc5d114d.jpg,"""id,voluptate""",4,4,4,marlamartin@stucco.com
//twcdn.com/c13d7066-1c78-480e-aa46-aa85b2ab3e48.jpg,//fbcdn.com/c1ee744b-7962-48d3-b8fd-96ca55425ea0.jpg,"""ullamco,consequat,do""",5,5,5,weekschase@maxemia.com
//twcdn.com/d141e08e-ed47-46dd-bdba-6c634b903f7e.jpg,//fbcdn.com/67741ba9-53fb-4bd4-bb42-516ab8f3e1bd.jpg,"""fugiat,sint,voluptate""",6,6,6,grahamrichardson@marketoid.com
//twcdn.com/243d581a-4376-4ce6-80c1-12352856b5bf.jpg,//fbcdn.com/4ca3087b-3c36-4f33-8ced-85996c44a4b0.jpg,"""nulla,sint""",7,7,7,mendozavalentine@entality.com
//twcdn.com/3a73caa1-ae33-4527-bcc9-4d3b274c1ece.jpg,//fbcdn.com/b05115ad-fec0-4635-a8b5-af046805d2c9.jpg,"""fugiat,duis,exercitation""",8,8,8,wademcleod@updat.com
//twcdn.com/f7a1e1d1-f96d-4274-9469-a99313bac94e.jpg,//fbcdn.com/548c4633-4f74-4803-ab19-e3cb5acd526d.jpg,"""Lorem,cupidatat""",9,9,9,bakerwatson@geekosis.com
